{
    "author": "Corinna Ravilious",
    "exported_at": "2023-12-20T14:04:28",
    "expressions": [
        {
            "description": "<!DOCTYPE HTML PUBLIC \"-//W3C//DTD HTML 4.0//EN\" \"http://www.w3.org/TR/REC-html40/strict.dtd\">\n<html><head><style type=\"text/css\">\np, li { white-space: pre-wrap; }\n</style></head><body style=\" font-family:'MS Shell Dlg 2'; font-size:7.8pt; font-weight:400; font-style:normal;\">\n<p style=\"-qt-paragraph-type:empty; margin-top:0px; margin-bottom:0px; margin-left:0px; margin-right:0px; -qt-block-indent:0; text-indent:0px;\"><br /></p></body></html>",
            "expression": "CASE\r\nWHEN \"from_desc\"  =  'Artificial Surfaces'  and  \"to_desc\"  =  'Artificial Surfaces' THEN 'Stable'\r\nWHEN \"from_desc\"  =  'Artificial Surfaces'  and  \"to_desc\"  =  'Croplands' THEN 'Improving'\r\nWHEN \"from_desc\"  =  'Artificial Surfaces'  and  \"to_desc\"  =  'Grasslands' THEN 'Improving'\r\nWHEN \"from_desc\"  =  'Artificial Surfaces'  and  \"to_desc\"  =  'Tree-covered areas' THEN 'Improving'\r\nWHEN \"from_desc\"  =  'Artificial Surfaces'  and  \"to_desc\"  =  'Shrub-covered areas' THEN 'Improving'\r\nWHEN \"from_desc\"  =  'Artificial Surfaces'  and  \"to_desc\"  =  'Shrubs and/or herbaceous vegetation, aquatic or regularly flooded' THEN 'Improving'\r\nWHEN \"from_desc\"  =  'Artificial Surfaces'  and  \"to_desc\"  =  'Sparsely natural vegetated areas' THEN 'Improving'\r\nWHEN \"from_desc\"  =  'Artificial Surfaces'  and  \"to_desc\"  =  'Terrestrial barren land' THEN 'Improving'\r\nWHEN \"from_desc\"  =  'Artificial Surfaces'  and  \"to_desc\"  =  'Permanent snow and glaciers' THEN 'Improving'\r\nWHEN \"from_desc\"  =  'Artificial Surfaces'  and  \"to_desc\"  =  'Inland water bodies' THEN 'Improving'\r\nWHEN \"from_desc\"  =  'Croplands'  and  \"to_desc\"  =  'Artificial Surfaces' THEN 'Degradation'\r\nWHEN \"from_desc\"  =  'Croplands'  and  \"to_desc\"  =  'Croplands' THEN 'Stable'\r\nWHEN \"from_desc\"  =  'Croplands'  and  \"to_desc\"  =  'Grasslands' THEN 'Improving'\r\nWHEN \"from_desc\"  =  'Croplands'  and  \"to_desc\"  =  'Tree-covered areas' THEN 'Improving'\r\nWHEN \"from_desc\"  =  'Croplands'  and  \"to_desc\"  =  'Shrub-covered areas' THEN 'Improving'\r\nWHEN \"from_desc\"  =  'Croplands'  and  \"to_desc\"  =  'Shrubs and/or herbaceous vegetation, aquatic or regularly flooded' THEN 'Improving'\r\nWHEN \"from_desc\"  =  'Croplands'  and  \"to_desc\"  =  'Sparsely natural vegetated areas' THEN 'Degradation'\r\nWHEN \"from_desc\"  =  'Croplands'  and  \"to_desc\"  =  'Terrestrial barren land' THEN 'Degradation'\r\nWHEN \"from_desc\"  =  'Croplands'  and  \"to_desc\"  =  'Permanent snow and glaciers' THEN 'Improving'\r\nWHEN \"from_desc\"  =  'Croplands'  and  \"to_desc\"  =  'Inland water bodies' THEN 'Stable'\r\nWHEN \"from_desc\"  =  'Grasslands'  and  \"to_desc\"  =  'Artificial Surfaces' THEN 'Degradation'\r\nWHEN \"from_desc\"  =  'Grasslands'  and  \"to_desc\"  =  'Croplands' THEN 'Degradation'\r\nWHEN \"from_desc\"  =  'Grasslands'  and  \"to_desc\"  =  'Grasslands' THEN 'Stable'\r\nWHEN \"from_desc\"  =  'Grasslands'  and  \"to_desc\"  =  'Tree-covered areas' THEN 'Improving'\r\nWHEN \"from_desc\"  =  'Grasslands'  and  \"to_desc\"  =  'Shrub-covered areas' THEN 'Improving'\r\nWHEN \"from_desc\"  =  'Grasslands'  and  \"to_desc\"  =  'Shrubs and/or herbaceous vegetation, aquatic or regularly flooded' THEN 'Improving'\r\nWHEN \"from_desc\"  =  'Grasslands'  and  \"to_desc\"  =  'Sparsely natural vegetated areas' THEN 'Degradation'\r\nWHEN \"from_desc\"  =  'Grasslands'  and  \"to_desc\"  =  'Terrestrial barren land' THEN 'Degradation'\r\nWHEN \"from_desc\"  =  'Grasslands'  and  \"to_desc\"  =  'Permanent snow and glaciers' THEN 'Improving'\r\nWHEN \"from_desc\"  =  'Grasslands'  and  \"to_desc\"  =  'Inland water bodies' THEN 'Stable'\r\nWHEN \"from_desc\"  =  'Tree-covered areas'  and  \"to_desc\"  =  'Artificial Surfaces' THEN 'Degradation'\r\nWHEN \"from_desc\"  =  'Tree-covered areas'  and  \"to_desc\"  =  'Croplands' THEN 'Degradation'\r\nWHEN \"from_desc\"  =  'Tree-covered areas'  and  \"to_desc\"  =  'Grasslands' THEN 'Degradation'\r\nWHEN \"from_desc\"  =  'Tree-covered areas'  and  \"to_desc\"  =  'Tree-covered areas' THEN 'Stable'\r\nWHEN \"from_desc\"  =  'Tree-covered areas'  and  \"to_desc\"  =  'Shrub-covered areas' THEN 'Degradation'\r\nWHEN \"from_desc\"  =  'Tree-covered areas'  and  \"to_desc\"  =  'Shrubs and/or herbaceous vegetation, aquatic or regularly flooded' THEN 'Stable'\r\nWHEN \"from_desc\"  =  'Tree-covered areas'  and  \"to_desc\"  =  'Sparsely natural vegetated areas' THEN 'Degradation'\r\nWHEN \"from_desc\"  =  'Tree-covered areas'  and  \"to_desc\"  =  'Terrestrial barren land' THEN 'Degradation'\r\nWHEN \"from_desc\"  =  'Tree-covered areas'  and  \"to_desc\"  =  'Permanent snow and glaciers' THEN 'Improving'\r\nWHEN \"from_desc\"  =  'Tree-covered areas'  and  \"to_desc\"  =  'Inland water bodies' THEN 'Stable'\r\nWHEN \"from_desc\"  =  'Shrub-covered areas'  and  \"to_desc\"  =  'Artificial Surfaces' THEN 'Degradation'\r\nWHEN \"from_desc\"  =  'Shrub-covered areas'  and  \"to_desc\"  =  'Croplands' THEN 'Degradation'\r\nWHEN \"from_desc\"  =  'Shrub-covered areas'  and  \"to_desc\"  =  'Grasslands' THEN 'Degradation'\r\nWHEN \"from_desc\"  =  'Shrub-covered areas'  and  \"to_desc\"  =  'Tree-covered areas' THEN 'Improving'\r\nWHEN \"from_desc\"  =  'Shrub-covered areas'  and  \"to_desc\"  =  'Shrub-covered areas' THEN 'Stable'\r\nWHEN \"from_desc\"  =  'Shrub-covered areas'  and  \"to_desc\"  =  'Shrubs and/or herbaceous vegetation, aquatic or regularly flooded' THEN 'Stable'\r\nWHEN \"from_desc\"  =  'Shrub-covered areas'  and  \"to_desc\"  =  'Sparsely natural vegetated areas' THEN 'Degradation'\r\nWHEN \"from_desc\"  =  'Shrub-covered areas'  and  \"to_desc\"  =  'Terrestrial barren land' THEN 'Degradation'\r\nWHEN \"from_desc\"  =  'Shrub-covered areas'  and  \"to_desc\"  =  'Permanent snow and glaciers' THEN 'Improving'\r\nWHEN \"from_desc\"  =  'Shrub-covered areas'  and  \"to_desc\"  =  'Inland water bodies' THEN 'Stable'\r\nWHEN \"from_desc\"  =  'Shrubs and/or herbaceous vegetation, aquatic or regularly flooded'  and  \"to_desc\"  =  'Artificial Surfaces' THEN 'Degradation'\r\nWHEN \"from_desc\"  =  'Shrubs and/or herbaceous vegetation, aquatic or regularly flooded'  and  \"to_desc\"  =  'Croplands' THEN 'Degradation'\r\nWHEN \"from_desc\"  =  'Shrubs and/or herbaceous vegetation, aquatic or regularly flooded'  and  \"to_desc\"  =  'Grasslands' THEN 'Degradation'\r\nWHEN \"from_desc\"  =  'Shrubs and/or herbaceous vegetation, aquatic or regularly flooded'  and  \"to_desc\"  =  'Tree-covered areas' THEN 'Degradation'\r\nWHEN \"from_desc\"  =  'Shrubs and/or herbaceous vegetation, aquatic or regularly flooded'  and  \"to_desc\"  =  'Shrub-covered areas' THEN 'Degradation'\r\nWHEN \"from_desc\"  =  'Shrubs and/or herbaceous vegetation, aquatic or regularly flooded'  and  \"to_desc\"  =  'Shrubs and/or herbaceous vegetation, aquatic or regularly flooded' THEN 'Stable'\r\nWHEN \"from_desc\"  =  'Shrubs and/or herbaceous vegetation, aquatic or regularly flooded'  and  \"to_desc\"  =  'Sparsely natural vegetated areas' THEN 'Degradation'\r\nWHEN \"from_desc\"  =  'Shrubs and/or herbaceous vegetation, aquatic or regularly flooded'  and  \"to_desc\"  =  'Terrestrial barren land' THEN 'Degradation'\r\nWHEN \"from_desc\"  =  'Shrubs and/or herbaceous vegetation, aquatic or regularly flooded'  and  \"to_desc\"  =  'Permanent snow and glaciers' THEN 'Improving'\r\nWHEN \"from_desc\"  =  'Shrubs and/or herbaceous vegetation, aquatic or regularly flooded'  and  \"to_desc\"  =  'Inland water bodies' THEN 'Stable'\r\nWHEN \"from_desc\"  =  'Sparsely natural vegetated areas'  and  \"to_desc\"  =  'Artificial Surfaces' THEN 'Degradation'\r\nWHEN \"from_desc\"  =  'Sparsely natural vegetated areas'  and  \"to_desc\"  =  'Croplands' THEN 'Degradation'\r\nWHEN \"from_desc\"  =  'Sparsely natural vegetated areas'  and  \"to_desc\"  =  'Grasslands' THEN 'Improving'\r\nWHEN \"from_desc\"  =  'Sparsely natural vegetated areas'  and  \"to_desc\"  =  'Tree-covered areas' THEN 'Improving'\r\nWHEN \"from_desc\"  =  'Sparsely natural vegetated areas'  and  \"to_desc\"  =  'Shrub-covered areas' THEN 'Improving'\r\nWHEN \"from_desc\"  =  'Sparsely natural vegetated areas'  and  \"to_desc\"  =  'Shrubs and/or herbaceous vegetation, aquatic or regularly flooded' THEN 'Improving'\r\nWHEN \"from_desc\"  =  'Sparsely natural vegetated areas'  and  \"to_desc\"  =  'Sparsely natural vegetated areas' THEN 'Stable'\r\nWHEN \"from_desc\"  =  'Sparsely natural vegetated areas'  and  \"to_desc\"  =  'Terrestrial barren land' THEN 'Degradation'\r\nWHEN \"from_desc\"  =  'Sparsely natural vegetated areas'  and  \"to_desc\"  =  'Permanent snow and glaciers' THEN 'Improving'\r\nWHEN \"from_desc\"  =  'Sparsely natural vegetated areas'  and  \"to_desc\"  =  'Inland water bodies' THEN 'Stable'\r\nWHEN \"from_desc\"  =  'Terrestrial barren land'  and  \"to_desc\"  =  'Artificial Surfaces' THEN 'Degradation'\r\nWHEN \"from_desc\"  =  'Terrestrial barren land'  and  \"to_desc\"  =  'Croplands' THEN 'Improving'\r\nWHEN \"from_desc\"  =  'Terrestrial barren land'  and  \"to_desc\"  =  'Grasslands' THEN 'Improving'\r\nWHEN \"from_desc\"  =  'Terrestrial barren land'  and  \"to_desc\"  =  'Tree-covered areas' THEN 'Improving'\r\nWHEN \"from_desc\"  =  'Terrestrial barren land'  and  \"to_desc\"  =  'Shrub-covered areas' THEN 'Improving'\r\nWHEN \"from_desc\"  =  'Terrestrial barren land'  and  \"to_desc\"  =  'Shrubs and/or herbaceous vegetation, aquatic or regularly flooded' THEN 'Improving'\r\nWHEN \"from_desc\"  =  'Terrestrial barren land'  and  \"to_desc\"  =  'Sparsely natural vegetated areas' THEN 'Improving'\r\nWHEN \"from_desc\"  =  'Terrestrial barren land'  and  \"to_desc\"  =  'Terrestrial barren land' THEN 'Stable'\r\nWHEN \"from_desc\"  =  'Terrestrial barren land'  and  \"to_desc\"  =  'Permanent snow and glaciers' THEN 'Improving'\r\nWHEN \"from_desc\"  =  'Terrestrial barren land'  and  \"to_desc\"  =  'Inland water bodies' THEN 'Stable'\r\nWHEN \"from_desc\"  =  'Permanent snow and glaciers'  and  \"to_desc\"  =  'Artificial Surfaces' THEN 'Degradation'\r\nWHEN \"from_desc\"  =  'Permanent snow and glaciers'  and  \"to_desc\"  =  'Croplands' THEN 'Degradation'\r\nWHEN \"from_desc\"  =  'Permanent snow and glaciers'  and  \"to_desc\"  =  'Grasslands' THEN 'Degradation'\r\nWHEN \"from_desc\"  =  'Permanent snow and glaciers'  and  \"to_desc\"  =  'Tree-covered areas' THEN 'Degradation'\r\nWHEN \"from_desc\"  =  'Permanent snow and glaciers'  and  \"to_desc\"  =  'Shrub-covered areas' THEN 'Degradation'\r\nWHEN \"from_desc\"  =  'Permanent snow and glaciers'  and  \"to_desc\"  =  'Shrubs and/or herbaceous vegetation, aquatic or regularly flooded' THEN 'Degradation'\r\nWHEN \"from_desc\"  =  'Permanent snow and glaciers'  and  \"to_desc\"  =  'Sparsely natural vegetated areas' THEN 'Degradation'\r\nWHEN \"from_desc\"  =  'Permanent snow and glaciers'  and  \"to_desc\"  =  'Terrestrial barren land' THEN 'Degradation'\r\nWHEN \"from_desc\"  =  'Permanent snow and glaciers'  and  \"to_desc\"  =  'Permanent snow and glaciers' THEN 'Stable'\r\nWHEN \"from_desc\"  =  'Permanent snow and glaciers'  and  \"to_desc\"  =  'Inland water bodies' THEN 'Degradation'\r\nWHEN \"from_desc\"  =  'Inland water bodies'  and  \"to_desc\"  =  'Artificial Surfaces' THEN 'Degradation'\r\nWHEN \"from_desc\"  =  'Inland water bodies'  and  \"to_desc\"  =  'Croplands' THEN 'Degradation'\r\nWHEN \"from_desc\"  =  'Inland water bodies'  and  \"to_desc\"  =  'Grasslands' THEN 'Degradation'\r\nWHEN \"from_desc\"  =  'Inland water bodies'  and  \"to_desc\"  =  'Tree-covered areas' THEN 'Degradation'\r\nWHEN \"from_desc\"  =  'Inland water bodies'  and  \"to_desc\"  =  'Shrub-covered areas' THEN 'Degradation'\r\nWHEN \"from_desc\"  =  'Inland water bodies'  and  \"to_desc\"  =  'Shrubs and/or herbaceous vegetation, aquatic or regularly flooded' THEN 'Degradation'\r\nWHEN \"from_desc\"  =  'Inland water bodies'  and  \"to_desc\"  =  'Sparsely natural vegetated areas' THEN 'Degradation'\r\nWHEN \"from_desc\"  =  'Inland water bodies'  and  \"to_desc\"  =  'Terrestrial barren land' THEN 'Degradation'\r\nWHEN \"from_desc\"  =  'Inland water bodies'  and  \"to_desc\"  =  'Permanent snow and glaciers' THEN 'Improving'\r\nWHEN \"from_desc\"  =  'Inland water bodies'  and  \"to_desc\"  =  'Inland water bodies' THEN 'Stable'\r\nEND",
            "group": "user",
            "name": "example_expression_for_generating_new_qgis_transitionsmatrix",
            "type": "expression"
        }
    ],
    "qgis_version": "3.28.11-Firenze"
}
